Algorithm,Mean Time (s),Std Time (s)
PyOD IForest,0.4045406101999106,0.009087627584397526
PyOD LOF,0.1296180971996364,0.005905884810058035
PyOD COPOD,0.02982420260050276,0.006839660072449053
PyOD ECOD,0.0308675439999206,0.00745110874307638
PyOD KNN,0.1483606105997751,0.015551585572449518
H2o Extended IForest,0.30003268660038884,0.10802202767810291
Our IForest,0.9757696303997363,0.055216516977266684
Our KMeans IF,5.539826093000011,0.12486680144152
