Algorithm,Mean Time (s),Std Time (s)
PyOD IForest,0.42015280880000033,0.023873423752545968
PyOD LOF,0.144544246199996,0.005472504991336117
PyOD COPOD,0.0666091042000005,0.0673631611807842
PyOD ECOD,0.0312021054000013,0.007573194714656318
PyOD KNN,0.16742863279999937,0.03531768153904651
Our IForest,0.9324130495999953,0.030119733203638206
Our KMeans IF,5.493222439200002,0.11409275811147725
